"0","split_for_translation = function(input) {"
"0","        # Split the string into rows and columns using the ""\n"" separator"
"0","        data_split <- strsplit(input, split = ""\n"")[[1]]"
"0","        data_split = sapply(data_split, function(x)"
"0","                strsplit(x, split = "" - "")[[1]])"
"0","        t(unname(data_split))"
"0","        "
"0","        "
"0","        # Convert the split data into a DataFrame"
"0","        data_df <- data.frame(Code = lapply(data_split[[1]], as.numeric),"
"0","                              Religion = data_split[[2]])"
"0","        "
"0","        return (data_df)"
"0","}"
